Product code,Title,Handle,Image role,Color/material/style,Variants sharing image,Recommended filename,Alt text,Gallery order,Status
TU-020,Personalized Engraved 20 oz Tumbler,personalized-engraved-20-oz-tumbler,Main/Featured,Black,Black (all sizes),tu020-black-main.jpg,Personalized engraved 20 oz tumbler in black with custom name engraving,1,Pending
TU-020,Personalized Engraved 20 oz Tumbler,personalized-engraved-20-oz-tumbler,Color: Navy,Navy,Navy (all sizes),tu020-navy-main.jpg,Personalized engraved 20 oz tumbler in navy with custom name engraving,2,Pending
TU-020,Personalized Engraved 20 oz Tumbler,personalized-engraved-20-oz-tumbler,Color: White,White,White (all sizes),tu020-white-main.jpg,Personalized engraved 20 oz tumbler in white with custom name engraving,3,Pending
TU-020,Personalized Engraved 20 oz Tumbler,personalized-engraved-20-oz-tumbler,Color: Blue,Blue,Blue (all sizes),tu020-blue-main.jpg,Personalized engraved 20 oz tumbler in blue with custom name engraving,4,Pending
TU-020,Personalized Engraved 20 oz Tumbler,personalized-engraved-20-oz-tumbler,Color: Pink,Pink,Pink (all sizes),tu020-pink-main.jpg,Personalized engraved 20 oz tumbler in pink with custom name engraving,5,Pending
TU-020,Personalized Engraved 20 oz Tumbler,personalized-engraved-20-oz-tumbler,Color: Red,Red,Red (all sizes),tu020-red-main.jpg,Personalized engraved 20 oz tumbler in red with custom name engraving,6,Pending
TU-020,Personalized Engraved 20 oz Tumbler,personalized-engraved-20-oz-tumbler,Color: Gray,Gray,Gray (all sizes),tu020-gray-main.jpg,Personalized engraved 20 oz tumbler in gray with custom name engraving,7,Pending
TU-020,Personalized Engraved 20 oz Tumbler,personalized-engraved-20-oz-tumbler,Color: Bright Pink,Bright Pink,Bright Pink (all sizes),tu020-bright-pink-main.jpg,Personalized engraved 20 oz tumbler in bright pink with custom name engraving,8,Pending
TU-020,Personalized Engraved 20 oz Tumbler,personalized-engraved-20-oz-tumbler,Color: Olive Green,Olive Green,Olive Green (all sizes),tu020-olive-green-main.jpg,Personalized engraved 20 oz tumbler in olive green with custom name engraving,9,Pending
TU-020,Personalized Engraved 20 oz Tumbler,personalized-engraved-20-oz-tumbler,Gallery: Engraving detail close-up,N/A,All colors,tu020-engraving-detail.jpg,Close-up of laser engraving detail on personalized tumbler,10,Pending
TU-040,Personalized 40 oz Handle Tumbler,personalized-40-oz-handle-tumbler,Main/Featured,Black,Black (all sizes),tu040-black-main.jpg,Personalized 40 oz handle tumbler in black with custom engraving,1,Pending
TU-040,Personalized 40 oz Handle Tumbler,personalized-40-oz-handle-tumbler,Color: Navy,Navy,Navy (all sizes),tu040-navy-main.jpg,Personalized 40 oz handle tumbler in navy with custom engraving,2,Pending
TU-040,Personalized 40 oz Handle Tumbler,personalized-40-oz-handle-tumbler,Color: White,White,White (all sizes),tu040-white-main.jpg,Personalized 40 oz handle tumbler in white with custom engraving,3,Pending
TU-040,Personalized 40 oz Handle Tumbler,personalized-40-oz-handle-tumbler,Gallery: Engraving detail close-up,N/A,All colors,tu040-engraving-detail.jpg,Close-up of laser engraving detail on 40 oz handle tumbler,4,Pending
EM-001,Custom Embroidered Cap,custom-embroidered-cap,Main/Featured,Black,Black (all sizes/one size),em001-black-main.jpg,Custom embroidered cap in black with personalized logo,1,Pending
EM-001,Custom Embroidered Cap,custom-embroidered-cap,Color: Navy,Navy,Navy (all sizes/one size),em001-navy-main.jpg,Custom embroidered cap in navy with personalized logo,2,Pending
EM-001,Custom Embroidered Cap,custom-embroidered-cap,Color: Coyote Tan,Coyote Tan,Coyote Tan (all sizes/one size),em001-coyote-tan-main.jpg,Custom embroidered cap in coyote tan with personalized logo,3,Pending
EM-001,Custom Embroidered Cap,custom-embroidered-cap,Color: Olive Green,Olive Green,Olive Green (all sizes/one size),em001-olive-green-main.jpg,Custom embroidered cap in olive green with personalized logo,4,Pending
EM-001,Custom Embroidered Cap,custom-embroidered-cap,Gallery: Embroidery detail close-up,N/A,All colors,em001-embroidery-detail.jpg,Close-up of embroidered logo detail on custom cap,5,Pending
EM-002,Custom Embroidered Polo,custom-embroidered-polo,Main/Featured,Black,Black (sizes S-4XL),em002-black-main.jpg,Custom embroidered polo shirt in black with personalized logo,1,Pending
EM-002,Custom Embroidered Polo,custom-embroidered-polo,Color: Navy,Navy,Navy (sizes S-4XL),em002-navy-main.jpg,Custom embroidered polo shirt in navy with personalized logo,2,Pending
EM-002,Custom Embroidered Polo,custom-embroidered-polo,Color: White,White,White (sizes S-4XL),em002-white-main.jpg,Custom embroidered polo shirt in white with personalized logo,3,Pending
EM-002,Custom Embroidered Polo,custom-embroidered-polo,Color: Steel Gray,Steel Gray,Steel Gray (sizes S-4XL),em002-steel-gray-main.jpg,Custom embroidered polo shirt in steel gray with personalized logo,4,Pending
EM-002,Custom Embroidered Polo,custom-embroidered-polo,Color: Royal Blue,Royal Blue,Royal Blue (sizes S-4XL),em002-royal-blue-main.jpg,Custom embroidered polo shirt in royal blue with personalized logo,5,Pending
EM-002,Custom Embroidered Polo,custom-embroidered-polo,Gallery: Embroidery detail close-up,N/A,All colors/sizes,em002-embroidery-detail.jpg,Close-up of embroidered logo detail on custom polo shirt,6,Pending
EM-003,Embroidered Work Shirt / Button-Up,embroidered-work-shirt-button-up,Main/Featured,Black,Black (sizes S-4XL),em003-black-main.jpg,Embroidered button-up work shirt in black with personalized logo,1,Pending
EM-003,Embroidered Work Shirt / Button-Up,embroidered-work-shirt-button-up,Color: Navy,Navy,Navy (sizes S-4XL),em003-navy-main.jpg,Embroidered button-up work shirt in navy with personalized logo,2,Pending
EM-003,Embroidered Work Shirt / Button-Up,embroidered-work-shirt-button-up,Color: Steel Gray,Steel Gray,Steel Gray (sizes S-4XL),em003-steel-gray-main.jpg,Embroidered button-up work shirt in steel gray with personalized logo,3,Pending
EM-003,Embroidered Work Shirt / Button-Up,embroidered-work-shirt-button-up,Color: White,White,White (sizes S-4XL),em003-white-main.jpg,Embroidered button-up work shirt in white with personalized logo,4,Pending
EM-003,Embroidered Work Shirt / Button-Up,embroidered-work-shirt-button-up,Gallery: Embroidery detail close-up,N/A,All colors/sizes,em003-embroidery-detail.jpg,Close-up of embroidered logo detail on work shirt,5,Pending
AW-001,Custom PCS / ETS / Retirement Plaque,custom-pcs-ets-retirement-plaque,Main/Featured,N/A,8x10 / 10x12 / 12x15 (all sizes),aw001-main.jpg,Custom military PCS ETS retirement plaque with engraved plate,1,Pending
AW-001,Custom PCS / ETS / Retirement Plaque,custom-pcs-ets-retirement-plaque,Gallery: Engraved plate close-up,N/A,All sizes,aw001-plate-detail.jpg,Close-up of engraved brass plate on retirement plaque,2,Pending
AW-001,Custom PCS / ETS / Retirement Plaque,custom-pcs-ets-retirement-plaque,Gallery: Size comparison,N/A,All sizes,aw001-size-comparison.jpg,Size comparison of retirement plaque in 8x10 10x12 and 12x15,3,Pending
AW-002,One-of-a-Kind Military Award,one-of-a-kind-military-award,Main/Featured,N/A,Custom Quote (single variant),aw002-main.jpg,"One-of-a-kind custom military award, quote-only design example",1,Pending
AW-002,One-of-a-Kind Military Award,one-of-a-kind-military-award,Gallery: Example detail,N/A,Custom Quote (single variant),aw002-detail.jpg,Detail view of custom one-of-a-kind military award example,2,Pending
AW-003,Wood & Acrylic Recognition Award,wood-acrylic-recognition-award,Main/Featured,Wood,Wood (8x10 / 10x12 / 12x15),aw003-wood-main.jpg,Wood recognition award with custom engraving,1,Pending
AW-003,Wood & Acrylic Recognition Award,wood-acrylic-recognition-award,Material: Wood + Acrylic,Wood + Acrylic,Wood + Acrylic (8x10 / 10x12 / 12x15),aw003-wood-acrylic-main.jpg,Wood and acrylic recognition award with custom engraving,2,Pending
AW-003,Wood & Acrylic Recognition Award,wood-acrylic-recognition-award,Gallery: Size comparison,N/A,All materials/sizes,aw003-size-comparison.jpg,Size comparison of wood and acrylic recognition awards,3,Pending
AW-004,Challenge Coin Display / Desk Nameplate,challenge-coin-display-desk-nameplate,Main/Featured,Challenge Coin Display,Challenge Coin Display (Standard / Large),aw004-coin-display-main.jpg,Custom challenge coin display case with engraved nameplate,1,Pending
AW-004,Challenge Coin Display / Desk Nameplate,challenge-coin-display-desk-nameplate,Product Style: Desk Nameplate,Desk Nameplate,Desk Nameplate (Standard / Large),aw004-desk-nameplate-main.jpg,Custom engraved desk nameplate for office or military display,2,Pending
AW-004,Challenge Coin Display / Desk Nameplate,challenge-coin-display-desk-nameplate,Gallery: Size comparison,N/A,All styles/sizes,aw004-size-comparison.jpg,Size comparison of Standard and Large challenge coin display and nameplate,3,Pending
AW-005,Military Recognition Gift Set,military-recognition-gift-set,Main/Featured,Standard,Standard tier,aw005-standard-main.jpg,Standard military recognition gift set with engraved items,1,Pending
AW-005,Military Recognition Gift Set,military-recognition-gift-set,Tier: Premium,Premium,Premium tier,aw005-premium-main.jpg,Premium military recognition gift set with engraved items,2,Pending
AW-005,Military Recognition Gift Set,military-recognition-gift-set,Gallery: Set contents flat lay,N/A,Both tiers,aw005-contents-flatlay.jpg,Flat lay of all items included in military recognition gift set,3,Pending
PET-001,Custom Pet Memorial Plaque,custom-pet-memorial-plaque,Main/Featured,Wood,Wood (8x10 / 10x12),pet001-wood-main.jpg,Custom wood pet memorial plaque with engraved photo and name,1,Pending
PET-001,Custom Pet Memorial Plaque,custom-pet-memorial-plaque,Material: Slate,Slate,Slate (8x10 / 10x12),pet001-slate-main.jpg,Custom slate pet memorial plaque with engraved photo and name,2,Pending
PET-001,Custom Pet Memorial Plaque,custom-pet-memorial-plaque,Gallery: Size comparison,N/A,All materials/sizes,pet001-size-comparison.jpg,Size comparison of pet memorial plaques in 8x10 and 10x12,3,Pending
PET-002,Laser-Engraved Pet Portrait Tumbler,laser-engraved-pet-portrait-tumbler,Main/Featured,Black,Black (all sizes),pet002-black-main.jpg,Laser-engraved pet portrait tumbler in black,1,Pending
PET-002,Laser-Engraved Pet Portrait Tumbler,laser-engraved-pet-portrait-tumbler,Color: Navy,Navy,Navy (all sizes),pet002-navy-main.jpg,Laser-engraved pet portrait tumbler in navy,2,Pending
PET-002,Laser-Engraved Pet Portrait Tumbler,laser-engraved-pet-portrait-tumbler,Color: White,White,White (all sizes),pet002-white-main.jpg,Laser-engraved pet portrait tumbler in white,3,Pending
PET-002,Laser-Engraved Pet Portrait Tumbler,laser-engraved-pet-portrait-tumbler,Gallery: Pet portrait engraving detail,N/A,All colors,pet002-portrait-detail.jpg,Close-up of laser-engraved pet portrait detail on tumbler,4,Pending
